{
  "parent": "item/template_spawn_egg",
  "overrides":[
    {"predicate":{"custom_model_data":1},"model":"block/statues/thief"},
    {"predicate":{"custom_model_data":2},"model":"block/statues/elf"},
    {"predicate":{"custom_model_data":3},"model":"block/statues/sorcerer"},
    {"predicate":{"custom_model_data":4},"model":"block/statues/priest"},
    {"predicate":{"custom_model_data":5},"model":"block/statues/assassin"},
    {"predicate":{"custom_model_data":6},"model":"block/statues/knight"},
    {"predicate":{"custom_model_data":7},"model":"block/statues/paladin"},
    {"predicate":{"custom_model_data":8},"model":"block/statues/engineer"},
    {"predicate":{"custom_model_data":9},"model":"block/statues/berserker"},
    {"predicate":{"custom_model_data":10},"model":"item/soul_knight/table"}
  ]
}
