{
    "variants": {
        "extended=true,facing=down": { "model": "block/env/gate_close_base","x":90},
        "extended=true,facing=up": { "model": "block/env/gate_close_base","x":270},
        "extended=true,facing=north": { "model": "block/env/gate_close_base"},
        "extended=true,facing=south": { "model": "block/env/gate_close_base","y":180},
        "extended=true,facing=west": { "model": "block/env/gate_close_base","y":270},
        "extended=true,facing=east": { "model": "block/env/gate_close_base","y":90},
        "extended=false,facing=down": { "model": "block/env/gate_open","x":90},
        "extended=false,facing=up": { "model": "block/env/gate_open","x":270},
        "extended=false,facing=north": { "model": "block/env/gate_open"},
        "extended=false,facing=south": { "model": "block/env/gate_open","y":180},
        "extended=false,facing=west": { "model": "block/env/gate_open","y":270},
        "extended=false,facing=east": { "model": "block/env/gate_open","y":90}
    }
}
