{
	"credit": "Made with Blockbench",
	"textures": {
		"2": "block/statue/base",
		"particle": "block/statue/base"
	},
	"elements": [
		{
			"name": "plate",
			"from": [0, 0, 0],
			"to": [16, 6, 16],
			"faces": {
				"north": {"uv": [0, 0, 11.636, 4.454], "texture": "#2"},
				"east": {"uv": [0, 0, 11.636, 4.454], "texture": "#2"},
				"south": {"uv": [0, 0, 11.636, 4.454], "texture": "#2"},
				"west": {"uv": [0, 0, 11.636, 4.454], "texture": "#2"},
				"up": {"uv": [0, 4.364, 11.636, 15.999], "texture": "#2"},
				"down": {"uv": [0, 3.636, 11.636, 15.999], "texture": "#2"}
			}
		},
		{
			"from": [2, 6, 2],
			"to": [14, 32, 14],
			"faces": {
				"north": {"uv": [0, 3, 6, 16], "texture": "#1"},
				"east": {"uv": [0, 3, 6, 16], "texture": "#1"},
				"south": {"uv": [0, 3, 6, 16], "texture": "#1"},
				"west": {"uv": [0, 3, 6, 16], "texture": "#1"},
				"up": {"uv": [0, 0, 4, 4], "texture": "#1"},
				"down": {"uv": [0, 0, 12, 12], "texture": "#1"}
			}
		}
	],
	"display": {
		"thirdperson_righthand": {
			"scale": [0.5, 0.5, 0.5]
		},
		"thirdperson_lefthand": {
			"scale": [0.5, 0.5, 0.5]
		},
		"firstperson_righthand": {
			"scale": [0.5, 0.5, 0.5]
		},
		"firstperson_lefthand": {
			"scale": [0.5, 0.5, 0.5]
		},
		"ground": {
			"scale": [0.5, 0.5, 0.5]
		},
		"gui": {
			"rotation": [18, 48, 0],
			"translation": [0, -3.25, 0],
			"scale": [0.5, 0.5, 0.5]
		}
	}
}