{
	"textures": {
		"0": "block/env/gate_base",
		"1": "block/env/gate_off",
		"particle": "#1"
	},
	"elements": [
		{
			"name": "base",
			"from": [0, 0, 0],
			"to": [16, 16, 16],
			"faces": {
				"up": {"uv": [0, 0, 16, 16], "texture": "#0"},
				"down": {"uv": [0, 0, 16, 16], "texture": "#0"},
				"north": {"uv": [0, 0, 16, 16], "texture": "#0"},
				"east": {"uv": [0, 0, 16, 16], "texture": "#0"},
				"south": {"uv": [0, 0, 16, 16], "texture": "#0"},
				"west": {"uv": [0, 0, 16, 16], "texture": "#0"}
			}
		},
		{
			"name": "gate",
			"from": [1, 1, -1],
			"to": [15, 15, 0],
			"faces": {
				"north": {"uv": [1, 1, 15, 15], "rotation": 180, "texture": "#1"},
				"east": {"uv": [15, 1, 16, 15], "rotation": 90, "texture": "#1"},
				"south": {"uv": [1, 1, 15, 15], "texture": "#1"},
				"west": {"uv": [0, 1, 1, 15], "rotation": 270, "texture": "#1"},
				"up": {"uv": [1, 0, 15, 1], "texture": "#1"},
				"down": {"uv": [1, 15, 15, 16], "rotation": 180, "texture": "#1"}
			}
		}
	]
}