{
	"textures": {
		"1": "block/env/gate_off",
		"2": "block/env/gate_side",
		"particle": "block/env/gate_side"
	},
	"elements": [
		{
			"name": "gate",
			"from": [1, 1, -16],
			"to": [15, 15, 16],
			"faces": {
				"north": {"uv": [1, 1, 15, 15], "rotation": 180, "texture": "#1"},
				"east": {"uv": [0, 0, 7, 16], "rotation": 90, "texture": "#2"},
				"west": {"uv": [0, 0, 7, 16], "rotation": 270, "texture": "#2"},
				"up": {"uv": [0, 0, 7, 16], "texture": "#2"},
				"down": {"uv": [0, 0, 7, 16], "rotation": 180, "texture": "#2"}
			}
		}
	]
}