{
	"parent":"block/tiles/general",
	"textures": {
		"0": "block/tile/spike_plate",
		"1": "block/tile/spike_spike",
		"particle": "block/tile/spike_plate"
	},
	"elements": [
		{
			"name": "plate",
			"from": [0, 0, 0],
			"to": [16, 0, 16],
			"faces": {
				"north": {"uv": [0, 0, 0, 0], "texture": "#0"},
				"east": {"uv": [0, 0, 0, 0], "texture": "#0"},
				"south": {"uv": [0, 0, 0, 0], "texture": "#0"},
				"west": {"uv": [0, 0, 0, 0], "texture": "#0"},
				"up": {"uv": [0, 0, 16, 16], "texture": "#0"},
				"down": {"uv": [0, 0, 0, 0], "rotation": 180, "texture": "#0"}
			}
		},
		{
			"name": "spike",
			"from": [3, 0, 7],
			"to": [5, 4, 8],
			"faces": {
				"north": {"uv": [0, 1, 2, 5], "texture": "#1"},
				"east": {"uv": [5, 1, 6, 5], "texture": "#1"},
				"south": {"uv": [3, 1, 5, 5], "texture": "#1"},
				"west": {"uv": [2, 1, 3, 5], "texture": "#1"},
				"up": {"uv": [0, 0, 2, 1], "texture": "#1"},
				"down": {"uv": [0, 5, 2, 6], "texture": "#1"}
			}
		},
		{
			"name": "spike",
			"from": [11, 0, 7],
			"to": [13, 4, 8],
			"faces": {
				"north": {"uv": [0, 1, 2, 5], "texture": "#1"},
				"east": {"uv": [5, 1, 6, 5], "texture": "#1"},
				"south": {"uv": [3, 1, 5, 5], "texture": "#1"},
				"west": {"uv": [2, 1, 3, 5], "texture": "#1"},
				"up": {"uv": [0, 0, 2, 1], "texture": "#1"},
				"down": {"uv": [0, 5, 2, 6], "texture": "#1"}
			}
		},
		{
			"name": "spike",
			"from": [7, 0, 3],
			"to": [9, 4, 4],
			"faces": {
				"north": {"uv": [0, 1, 2, 5], "texture": "#1"},
				"east": {"uv": [5, 1, 6, 5], "texture": "#1"},
				"south": {"uv": [3, 1, 5, 5], "texture": "#1"},
				"west": {"uv": [2, 1, 3, 5], "texture": "#1"},
				"up": {"uv": [0, 0, 2, 1], "texture": "#1"},
				"down": {"uv": [0, 5, 2, 6], "texture": "#1"}
			}
		},
		{
			"name": "spike",
			"from": [7, 0, 11],
			"to": [9, 4, 12],
			"faces": {
				"north": {"uv": [0, 1, 2, 5], "texture": "#1"},
				"east": {"uv": [5, 1, 6, 5], "texture": "#1"},
				"south": {"uv": [3, 1, 5, 5], "texture": "#1"},
				"west": {"uv": [2, 1, 3, 5], "texture": "#1"},
				"up": {"uv": [0, 0, 2, 1], "texture": "#1"},
				"down": {"uv": [0, 5, 2, 6], "texture": "#1"}
			}
		}
	]
}